<?xml version="1.0" encoding="utf-8"?>
<edmx:Edmx Version="3.0" xmlns:edmx="http://schemas.microsoft.com/ado/2009/11/edmx">
 <!-- EF Designer content (DO NOT EDIT MANUALLY BELOW HERE) -->
  <edmx:Designer xmlns="http://schemas.microsoft.com/ado/2009/11/edmx">
    <!-- Diagram content (shape and connector positions) -->
    <edmx:Diagrams>
      <Diagram DiagramId="4912475936aa4bb49f9cb645600c9627" Name="Diagram1">
        <EntityTypeShape EntityType="WMSModel.Product" Width="1.5" PointX="0.75" PointY="1" IsExpanded="true" />
        <EntityTypeShape EntityType="WMSModel.ProductQuantity" Width="1.5" PointX="3" PointY="0.875" IsExpanded="true" />
        <AssociationConnector Association="WMSModel.FK_ProductID" ManuallyRouted="false" />
      </Diagram>
    </edmx:Diagrams>
  </edmx:Designer>
</edmx:Edmx>